﻿<?xml version="1.0" encoding="utf-8"?>
<RecentLinks>
    <Dialog Name="B3.XmlTextKit.InsertHyperlinkDialog">
        <Link Value="C:\Users\Scott\Desktop\Flare Intro Training\Cities\Content\Asia\Asia.htm" />
    </Dialog>
    <Dialog Name="B3.XmlTextKit.InsertCrossReferenceDialog">
        <Link Value="C:\Users\Scott\Desktop\Flare Intro Training\Cities\Content\Europe\Europe.htm" />
    </Dialog>
    <Dialog Name="B3.CatapultProjectUserInterfaceKit.InsertSnippetDialog">
        <Link Value="C:\Users\Scott\Desktop\Flare Intro Training\Cities\Content\Resources\Snippets\Tokyo.flsnp" />
    </Dialog>
    <Dialog Name="B3.XmlMdiEditorKit.ImageGeneralDialogPage">
        <Link Value="C:\Users\Scott\Desktop\Flare Intro Training\Cities\Content\Resources\Images\africa.png" />
    </Dialog>
</RecentLinks>